DexterMorgan21@outlook.com|Password6969
DexterJack3980@yahoo.com|LL4!4&H1!CGOLo7nRMpX
MorganCooper47@outlook.com|KY!ao#1pI|$+qdl2iF3a
CarterHarper6@outlook.com|xwptP9XVv-uZo!ABStD@
WalkerCarter2@hotmail.com|L+-@DWixRoVTqmp3a|k+
CooperParker7@outlook.com|0dZyXLyPi1iqnXxP#EOo
CooperParker00@gmail.com|pDtluEexMw|8H0JDO!vc
DexterDexter69@gmail.com|021G7G@-8RjpOzhkEn$V
JimGarrett2817@hotmail.com|7F*Xj#CZIp+YV3TN2tCD
JackMorgan55@gmail.com|G5V24nJSaX@N+xK6vk5v
WalkerCarter@hotmail.com|hP7iONPI7XyDm*k#0!39
HarperRiver29@outlook.com|ML2&peEM@mK?ixmPpJYp
DexterDexter9296@hotmail.com|hVr$iM05xiqSMu*OkEzb
MorganDexter658@gmail.com|DeepStateWatchingOverMe
HudsonHudson348@hotmail.com|X0CtDDbZmulAqAO5KxTn
CarterCarter9@yahoo.com|Traillair345
MorganWeston383@gmail.com|f�gelsk�dning98
TomMorgan@hotmail.com|y%$?W@KBT*VjXALgB*DY
HarperWalker75@hotmail.com|9e-1@UCrl&@ayey4byNy
WestonEvelyn@outlook.com|KS!|whMJS5e%ngLVAN%j
MorganWeston9335@hotmail.com|vifdsuhewan1337
EvelynMorgan913@outlook.com|gT8RiRDl6MmuFIqtSlj3
EvelynJack6@yahoo.com|0000000001247218feggelreite
CooperMorgan@outlook.com|-CjfV8AT#4H#1apmYj6j
WestonTom57@outlook.com|T$zQ0UdPA?uxX*-6K@Ql
DexterTom170@yahoo.com|F+3z@BCA*XXgLOQr7!qC
HudsonTom3@outlook.com|WtxWwx-8lDw#CmL-9I&I
JackMorgan839@yahoo.com|0Jw$bOq!5POE*S664Bk!
JimParker432@hotmail.com|6Xvv!qDsB0BJ!bMkoDE*
CooperHudson705@outlook.com|03y7Z+Z5fa%tmRbqc6+u
GarrettJack9@yahoo.com|O&2tU1oa3EIVUCOho!WQ
JackHudson@outlook.com|uiXyWRMFnOs4AYEBnG7N
WesleyDexter3@gmail.com|ds7qV!&Xb+4idGQnlI21
ParkerTom7@hotmail.com|123Ugga Bugga5656
DexterJack2996@gmail.com|BroccoliGottt11!
JackParker9353@hotmail.com|jsadlerjs
RiverRiver3@gmail.com|rO2A$t67SkP3u&eCmPOr
CooperCooper0@outlook.com|xn*4tnr0m&5JOANxl%A%
LinconHarper783@gmail.com|@KNGa!iwUW3ZxprGSHeg
RiverLincon73@gmail.com|$ne%Ktmnui|j#y2v|pg1
WalkerDexter36@gmail.com|ZzzSlewerDroughtzzZ
CooperCarter@gmail.com|1NallePuh
GarrettRiver30@yahoo.com|-sS6I*TgdI|VoLZELOha
EvelynWesley81@gmail.com|99reindeerHunterGuy99
JackDexter7118@outlook.com|dwq2i3pQjz5&+Afh?NDj
RiverParker102@gmail.com|Glory manet
CooperHudson1950@gmail.com|N%lYJRGQna*Ts*lHAaAo
JackCooper@hotmail.com|I6o|cP6H6?*6Ygx$sj8P
EvelynCooper380@hotmail.com|UBDIE6lm8KVa9-WZf0$J
CarterTom7449@hotmail.com|kiBmHJSPVZZJvMO4yHe5
TomJim699@gmail.com|os*&ZW?BxjqjMaAi8+Ct
HudsonParker@yahoo.com|+J266XIeIcayZO@poV1*
WesleyJim81@hotmail.com|ma!%@ua4|+Dnzll9VE-M
JackTom940@yahoo.com|password1234
RiverCooper705@gmail.com|rr9c2qt4diZv!QbZdw7p
LinconGarrett@outlook.com|S!P&a?XAvdHTU|rfx@rf
EvelynCooper@outlook.com|PNG!UpWrxurNbJ%73&t%
TomParker2072@yahoo.com|4uU3hv7S&pePs7KcBKTE
JackParker@gmail.com|He*yeb8Zrpc&IPIlTxaP
WesleyTom70@hotmail.com|$18KL9Io$84&iR8Zfp4K
DexterEvelyn@gmail.com|Z!+jmhbEOZiq#kWdJYvR
DexterHudson46@outlook.com|+m@f%YqISI9oCC-C+!qq
EvelynEvelyn1@hotmail.com|ckwy!flmhXDi2tLo2FbP
WalkerDexter5892@gmail.com|d1HS&!kUza&XO?q039gb
WestonJim5@gmail.com|7hXCI#6NrSeb3q9GCtPT
WestonParker@outlook.com|Sommaren12
CarterDexter@outlook.com|a2K8z?PT6+k6wbVlwjTp
ParkerHarper90@gmail.com|JHbde$e#Ql!J!ywi|QE*
HarperHudson1955@gmail.com|+|L&mwmuK|RqsnKFfK0b
WesleyWeston371@gmail.com|Nz*7ppyTR!?U3zR18Sy#
TomParker250@outlook.com|WUfSbVX|wk@3S%20JlRm
JackCarter@outlook.com|zAs2onN5qko!|Vq8SXIS
CooperTom6@hotmail.com|LqF|RkXwIpz2$nwTDYHA
DexterJim05@outlook.com|XxSlowMyxX
GarrettHarper108@hotmail.com|JazzMan4
DexterWesley@gmail.com|jNaK%-z$SaSmnr!Xuf4o
WesleyWalker98@outlook.com|i4RM!Uyg*C+D*3J#1JgE
ParkerHarper06@hotmail.com|$D31YvDqIIO$Mf9V0B-L
JimCarter6@yahoo.com|TachfWwChe9E%6Poi7ce
JimCarter5833@hotmail.com|B�stal�sen2024
WalkerHarper4@outlook.com|wItwjvvC0CjWlxGCq4!Y
HarperRiver8@gmail.com|n3l$1z1MRR8u9glXzOCd
ParkerWalker@outlook.com|+3mzX4wdXItjwVWzY&6%
WesleyJim675@gmail.com|afton_44
MorganTom8@gmail.com|PrositSafePasswordBlalaLlala
JimHudson25@gmail.com|sy&i-H-sr7QYazMaoUj*
WalkerWesley6@gmail.com|2tAZOhKnWOk9$#SDAJ2R
WalkerEvelyn13@gmail.com|Consumed007
JimJack@hotmail.com|pcGFGO*n%hkajxw*i|#Q
WesleyTom5112@gmail.com|53-tnoV&?Beyi!l#E&eD
EvelynJack3943@gmail.com|yisRcpfuW2lzAbg7|Sl?
WalkerHarper3@hotmail.com|regnrock17en
DexterWesley485@outlook.com|ShPOL$2cMgM-GqH7hr|j
CooperJim@yahoo.com|DVOkzsAZsRmmcI-gY*Gc
HarperHarper86@gmail.com|9|%w+ROS3L*PE3-O9$-C
JackGarrett@hotmail.com|qTHqU|1s6F5cxcu3f?71
GarrettCooper04@yahoo.com|R*GD5AW@hFidRVH2#p#N
JackMorgan1343@yahoo.com|Nilsbrojham56
GarrettRiver8@gmail.com|DEJM9d?oc+*HZGha6j9!
HudsonHarper641@gmail.com|Y3V$|Zr*a1ACcr#m5fxb